Student First Name,Student Last name,Future Grade,Start Term,Request Date,Course Name,Alternate 1,Alternate 2
Anika,Marquis,9,Fall,2023-04-18,Literary Cities,,
Anika,Marquis,9,Fall,2023-04-09,Geometry,Advanced Geometry,
Anika,Marquis,9,Fall,2023-04-28,Chemistry,,
Anika,Marquis,9,Fall,2023-04-25,Introduction to Theatre Arts,Introduction to Drawing and Painting,Introduction to Music Production
Anika,Marquis,9,Fall,2023-04-08,Introduction to Music Production,Introduction to Drawing and Painting,Introduction to Theatre Arts
Anika,Marquis,9,Fall,2023-04-26,Upper School Latin I,Upper School Latin II,
Anika,Marquis,9,Fall,2023-04-27,Wellness 9,,
Requanda,Jameson,9,Fall,2023-04-24,Literary Cities,,
Requanda,Jameson,9,Fall,2023-04-07,Geometry,,
Requanda,Jameson,9,Fall,2023-04-20,Chemistry,,
Requanda,Jameson,9,Fall,2023-04-06,Introduction to Drawing and Painting,Introduction to Theatre Arts,Introduction to Music Production
Requanda,Jameson,9,Fall,2023-04-04,Introduction to Music Production,Introduction to Theatre Arts,Introduction to Drawing and Painting
Requanda,Jameson,9,Fall,2023-04-21,Upper School Latin I,,
Requanda,Jameson,9,Fall,2023-04-11,Wellness 9,,
Austen,Kitten,9,Fall,2023-04-16,Literary Cities,,
Austen,Kitten,9,Fall,2023-04-29,Geometry,,
Austen,Kitten,9,Fall,2023-04-10,Chemistry,,
Austen,Kitten,9,Fall,2023-04-20,Introduction to Drawing and Painting,Introduction to Theatre Arts,Introduction to Music Production
Austen,Kitten,9,Fall,2023-04-17,Introduction to Music Production,Introduction to Theatre Arts,Introduction to Drawing and Painting
Austen,Kitten,9,Fall,2023-04-23,Upper School Latin I,,
Austen,Kitten,9,Fall,2023-04-13,Wellness 9,,
Amanda,Bullock,9,Fall,2023-04-19,Literary Cities,,
Amanda,Bullock,9,Fall,2023-04-18,Geometry,,
Amanda,Bullock,9,Fall,2023-04-02,Chemistry,,
Amanda,Bullock,9,Fall,2023-04-15,Introduction to Drawing and Painting,Introduction to Theatre Arts,Introduction to Music Production
Amanda,Bullock,9,Fall,2023-04-06,Introduction to Music Production,Introduction to Theatre Arts,Introduction to Drawing and Painting
Amanda,Bullock,9,Fall,2023-04-10,Upper School Latin I,,
Amanda,Bullock,9,Fall,2023-04-24,Wellness 9,,
Hudson,Smellington,9,Fall,2023-04-06,Literary Cities,,
Hudson,Smellington,9,Fall,2023-04-06,Geometry,,
Hudson,Smellington,9,Fall,2023-04-13,Chemistry,,
Hudson,Smellington,9,Fall,2023-04-19,Introduction to Drawing and Painting,Introduction to Theatre Arts,Introduction to Music Production
Hudson,Smellington,9,Fall,2023-04-23,Introduction to Music Production,Introduction to Theatre Arts,Introduction to Drawing and Painting
Hudson,Smellington,9,Fall,2023-04-28,Upper School Latin I,,
Hudson,Smellington,9,Fall,2023-04-07,Wellness 9,,
Nutter,Butter,9,Fall,2023-04-02,Literary Cities,,
Nutter,Butter,9,Fall,2023-04-28,Geometry,,
Nutter,Butter,9,Fall,2023-04-11,Chemistry,,
Nutter,Butter,9,Fall,2023-04-16,Introduction to Theatre Arts,Introduction to Drawing and Painting,Introduction to Music Production
Nutter,Butter,9,Fall,2023-04-02,Introduction to Music Production,Introduction to Drawing and Painting,Introduction to Theatre Arts
Nutter,Butter,9,Fall,2023-04-11,Upper School Latin I,,
Nutter,Butter,9,Fall,2023-04-14,Wellness 9,,
Michael,Yappervile,9,Fall,2023-04-11,Literary Cities,,
Michael,Yappervile,9,Fall,2023-04-07,Geometry,,
Michael,Yappervile,9,Fall,2023-04-17,Chemistry,,
Michael,Yappervile,9,Fall,2023-04-20,Introduction to Drawing and Painting,Introduction to Theatre Arts,Introduction to Music Production
Michael,Yappervile,9,Fall,2023-04-23,Designing The Story World,Intermediate Theatre Arts ,Intermediate Photography
Michael,Yappervile,9,Fall,2023-04-16,Upper School Mandarin I,,
Michael,Yappervile,9,Fall,2023-04-24,Wellness 9,,
Emma,Smith,9,Fall,2023-04-08,Literary Cities,,
Emma,Smith,9,Fall,2023-04-10,Geometry,,
Emma,Smith,9,Fall,2023-04-16,Chemistry,,
Emma,Smith,9,Fall,2023-04-29,Introduction to Drawing and Painting,Introduction to Theatre Arts,Introduction to Music Production
Emma,Smith,9,Fall,2023-04-22,Designing The Story World,Intermediate Theatre Arts ,Intermediate Photography
Emma,Smith,9,Fall,2023-04-09,Upper School Mandarin I,,
Emma,Smith,9,Fall,2023-04-18,Wellness 9,,
Liam,Johnson,9,Fall,2023-04-21,Literary Cities,,
Liam,Johnson,9,Fall,2023-04-01,Geometry,,
Liam,Johnson,9,Fall,2023-04-17,Chemistry,,
Liam,Johnson,9,Fall,2023-04-01,Introduction to Ceramics,Introduction to Theatre Arts,Introduction to Music Production
Liam,Johnson,9,Fall,2023-04-08,Designing The Story World,Intermediate Theatre Arts ,Intermediate Photography
Liam,Johnson,9,Fall,2023-04-11,Upper School Mandarin I,,
Liam,Johnson,9,Fall,2023-04-11,Wellness 9,,
Olivia,Williams,9,Fall,2023-04-27,Literary Cities,,
Olivia,Williams,9,Fall,2023-04-12,Geometry,,
Olivia,Williams,9,Fall,2023-04-28,Chemistry,,
Olivia,Williams,9,Fall,2023-04-25,Introduction to Ceramics,Introduction to Theatre Arts,Introduction to Music Production
Olivia,Williams,9,Fall,2023-04-25,Designing The Story World,Intermediate Theatre Arts ,Intermediate Photography
Olivia,Williams,9,Fall,2023-04-22,Upper School Mandarin I,,
Olivia,Williams,9,Fall,2023-04-10,Wellness 9,,
Noah,Rodriguez,9,Fall,2023-04-25,Literary Cities,,
Noah,Rodriguez,9,Fall,2023-04-18,Algebra 1B,,
Noah,Rodriguez,9,Fall,2023-04-23,Chemistry,,
Noah,Rodriguez,9,Fall,2023-04-13,Introduction to Ceramics,Introduction to Music Production,Introduction to Theatre Arts
Noah,Rodriguez,9,Fall,2023-04-29,*Advanced Creative Computing,,
Noah,Rodriguez,9,Fall,2023-04-23,Upper School Mandarin I,,
Noah,Rodriguez,9,Fall,2023-04-09,Wellness 9,,
Ava,Jones,9,Fall,2023-04-14,Literary Cities,,
Ava,Jones,9,Fall,2023-04-04,Algebra 1B,,
Ava,Jones,9,Fall,2023-04-15,Chemistry,,
Ava,Jones,9,Fall,2023-04-16,Introduction to Ceramics,Introduction to Music Production,Introduction to Theatre Arts
Ava,Jones,9,Fall,2023-04-21,*Advanced Creative Computing,,
Ava,Jones,9,Fall,2023-04-07,Upper School Mandarin I,,
Ava,Jones,9,Fall,2023-04-05,Wellness 9,,
Ethan,Garcia,9,Fall,2023-04-29,Literary Cities,,
Ethan,Garcia,9,Fall,2023-04-16,Algebra 1B,,
Ethan,Garcia,9,Fall,2023-04-16,Chemistry,,
Ethan,Garcia,9,Fall,2023-04-24,Introduction to Ceramics,Introduction to Theatre Arts,Introduction to Music Production
Ethan,Garcia,9,Fall,2023-04-08,*Advanced Creative Computing,,
Ethan,Garcia,9,Fall,2023-04-07,Upper School Mandarin I,,
Ethan,Garcia,9,Fall,2023-04-27,Wellness 9,,
Sophia,Miller,9,Fall,2023-04-21,Literary Cities,,
Sophia,Miller,9,Fall,2023-04-08,Algebra 1,,
Sophia,Miller,9,Fall,2023-04-08,Chemistry,,
Sophia,Miller,9,Fall,2023-04-08,Introduction to Photography,Introduction to Music Production,Introduction to Theatre Arts
Sophia,Miller,9,Fall,2023-04-08,*Advanced Creative Computing,,
Sophia,Miller,9,Fall,2023-04-29,Upper School Mandarin I,,
Sophia,Miller,9,Fall,2023-04-05,Wellness 9,,
Mason,Davis,9,Fall,2023-04-26,Literary Cities,,
Mason,Davis,9,Fall,2023-04-05,Algebra 1,,
Mason,Davis,9,Fall,2023-04-21,Chemistry,,
Mason,Davis,9,Fall,2023-04-19,Introduction to Photography,Introduction to Music Production,Introduction to Theatre Arts
Mason,Davis,9,Fall,2023-04-07,*Advanced Creative Computing,,
Mason,Davis,9,Fall,2023-04-23,Upper School Mandarin I,,
Mason,Davis,9,Fall,2023-04-22,Wellness 9,,
Isabella,Rodriguez,9,Fall,2023-04-23,Literary Cities,,
Isabella,Rodriguez,9,Fall,2023-04-03,Advanced Geometry,,
Isabella,Rodriguez,9,Fall,2023-04-18,Chemistry,,
Isabella,Rodriguez,9,Fall,2023-04-25,Introduction to Photography,Introduction to Theatre Arts,Introduction to Music Production
Isabella,Rodriguez,9,Fall,2023-04-03,*Advanced Creative Computing,,
Isabella,Rodriguez,9,Fall,2023-04-04,Upper School Mandarin I,,
Isabella,Rodriguez,9,Fall,2023-04-07,Wellness 9,,
Mia,Martinez,9,Fall,2023-04-23,Literary Cities,,
Mia,Martinez,9,Fall,2023-04-26,Advanced Geometry,,
Mia,Martinez,9,Fall,2023-04-08,Chemistry,,
Mia,Martinez,9,Fall,2023-04-10,Introduction to Photography,Introduction to Music Production,Introduction to Theatre Arts
Mia,Martinez,9,Fall,2023-04-06,*Advanced Engineering Design,,
Mia,Martinez,9,Fall,2023-04-25,Upper School Mandarin I,,
Mia,Martinez,9,Fall,2023-04-14,Wellness 9,,
James,Hernandez,9,Fall,2023-04-03,Literary Cities,,
James,Hernandez,9,Fall,2023-04-05,Advanced Geometry,,
James,Hernandez,9,Fall,2023-04-26,Chemistry,,
James,Hernandez,9,Fall,2023-04-11,Introduction to Photography,Introduction to Music Production,Introduction to Theatre Arts
James,Hernandez,9,Fall,2023-04-23,*Advanced Engineering Design,,
James,Hernandez,9,Fall,2023-04-14,Upper School Spanish I,,
James,Hernandez,9,Fall,2023-04-19,Wellness 9,,
Charlotte,Lopez,9,Fall,2023-04-09,Literary Cities,,
Charlotte,Lopez,9,Fall,2023-04-07,Advanced Algebra 2,,
Charlotte,Lopez,9,Fall,2023-04-12,Chemistry,,
Charlotte,Lopez,9,Fall,2023-04-13,Introduction to Video and Animation,Introduction to Theatre Arts,Introduction to Music Production
Charlotte,Lopez,9,Fall,2023-04-23,*Advanced Engineering Design,,
Charlotte,Lopez,9,Fall,2023-04-21,Upper School Spanish I,,
Charlotte,Lopez,9,Fall,2023-04-23,Wellness 9,,
Benjamin,Gonzalez,10,Fall,2023-04-19,U.S. History: From Colonialism to Globalism,,
Benjamin,Gonzalez,10,Fall,2023-04-10,Studies in Genre,,
Benjamin,Gonzalez,10,Fall,2023-04-06,Algebra 2,,
Benjamin,Gonzalez,10,Fall,2023-04-25,Biology,,
Benjamin,Gonzalez,10,Fall,2023-04-22,Intermediate Drawing and Painting,Introduction to Ceramics,Introduction to Photography
Benjamin,Gonzalez,10,Fall,2023-04-17,Upper School Latin II,,
Benjamin,Gonzalez,10,Fall,2023-04-23,Wellness 10,,
Julios,Wilson,10,Fall,2023-04-10,U.S. History: From Colonialism to Globalism,,
Julios,Wilson,10,Fall,2023-04-20,Studies in Genre,,
Julios,Wilson,10,Fall,2023-04-29,Algebra 2,,
Julios,Wilson,10,Fall,2023-04-26,Biology,,
Julios,Wilson,10,Fall,2023-04-11,Intermediate Drawing and Painting,Introduction to Ceramics,Introduction to Photography
Julios,Wilson,10,Fall,2023-04-28,Upper School Latin II,,
Julios,Wilson,10,Fall,2023-04-10,Wellness 10,,
Amelia,Anderson,10,Fall,2023-04-19,U.S. History: From Colonialism to Globalism,,
Amelia,Anderson,10,Fall,2023-04-20,Studies in Genre,,
Amelia,Anderson,10,Fall,2023-04-09,Algebra 2,,
Amelia,Anderson,10,Fall,2023-04-12,Biology,,
Amelia,Anderson,10,Fall,2023-04-11,Intermediate Drawing and Painting,Introduction to Ceramics,Introduction to Photography
Amelia,Anderson,10,Fall,2023-04-06,Upper School Latin II,,
Amelia,Anderson,10,Fall,2023-04-03,Wellness 10,,
Jacob,Thomas,10,Fall,2023-04-21,U.S. History: From Colonialism to Globalism,,
Jacob,Thomas,10,Fall,2023-04-08,Studies in Genre,,
Jacob,Thomas,10,Fall,2023-04-25,Algebra 2,,
Jacob,Thomas,10,Fall,2023-04-02,Biology,,
Jacob,Thomas,10,Fall,2023-04-01,Intermediate Drawing and Painting,Introduction to Ceramics,Introduction to Photography
Jacob,Thomas,10,Fall,2023-04-20,Upper School Latin II,,
Jacob,Thomas,10,Fall,2023-04-24,Wellness 10,,
Harper,Taylor,10,Fall,2023-04-25,U.S. History: From Colonialism to Globalism,,
Harper,Taylor,10,Fall,2023-04-13,Studies in Genre,,
Harper,Taylor,10,Fall,2023-04-04,Algebra 2,,
Harper,Taylor,10,Fall,2023-04-14,Biology,,
Harper,Taylor,10,Fall,2023-04-07,Intermediate Drawing and Painting,Introduction to Ceramics,Introduction to Photography
Harper,Taylor,10,Fall,2023-04-06,Upper School Latin II,,
Harper,Taylor,10,Fall,2023-04-23,Wellness 10,,
Michael,Moore,10,Fall,2023-04-23,U.S. History: From Colonialism to Globalism,,
Michael,Moore,10,Fall,2023-04-15,Studies in Genre,,
Michael,Moore,10,Fall,2023-04-12,Algebra 2,,
Michael,Moore,10,Fall,2023-04-22,Biology,,
Michael,Moore,10,Fall,2023-04-20,Intermediate Drawing and Painting,Introduction to Ceramics,Introduction to Photography
Michael,Moore,10,Fall,2023-04-21,Upper School Latin II,,
Michael,Moore,10,Fall,2023-04-25,Wellness 10,,
Evelyn,Jackson,10,Fall,2023-04-11,U.S. History: From Colonialism to Globalism,,
Evelyn,Jackson,10,Fall,2023-04-04,Studies in Genre,,
Evelyn,Jackson,10,Fall,2023-04-09,Algebra 2,,
Evelyn,Jackson,10,Fall,2023-04-12,Biology,,
Evelyn,Jackson,10,Fall,2023-04-12,Intermediate Ceramics,Introduction to Drawing and Painting,Introduction to Photography
Evelyn,Jackson,10,Fall,2023-04-03,Upper School Mandarin II,,
Evelyn,Jackson,10,Fall,2023-04-14,Wellness 10,,
Elijah,Martin,10,Fall,2023-04-29,U.S. History: From Colonialism to Globalism,,
Elijah,Martin,10,Fall,2023-04-05,Studies in Genre,,
Elijah,Martin,10,Fall,2023-04-24,Algebra 2,,
Elijah,Martin,10,Fall,2023-04-05,Biology,,
Elijah,Martin,10,Fall,2023-04-13,Intermediate Ceramics,Introduction to Drawing and Painting,Introduction to Photography
Elijah,Martin,10,Fall,2023-04-20,Upper School Mandarin II,,
Elijah,Martin,10,Fall,2023-04-28,Wellness 10,,
Abigail,Lee,10,Fall,2023-04-16,U.S. History: From Colonialism to Globalism,,
Abigail,Lee,10,Fall,2023-04-01,Studies in Genre,,
Abigail,Lee,10,Fall,2023-04-11,Algebra 2,,
Abigail,Lee,10,Fall,2023-04-17,Biology,,
Abigail,Lee,10,Fall,2023-04-04,Intermediate Ceramics,Introduction to Drawing and Painting,Introduction to Photography
Abigail,Lee,10,Fall,2023-04-12,Upper School Mandarin II,,
Abigail,Lee,10,Fall,2023-04-01,Wellness 10,,
Alexander,Perez,10,Fall,2023-04-19,U.S. History: From Colonialism to Globalism,,
Alexander,Perez,10,Fall,2023-04-12,Studies in Genre,,
Alexander,Perez,10,Fall,2023-04-03,Algebra 2,,
Alexander,Perez,10,Fall,2023-04-06,Biology,,
Alexander,Perez,10,Fall,2023-04-17,Intermediate Ceramics,Introduction to Drawing and Painting,Introduction to Photography
Alexander,Perez,10,Fall,2023-04-10,Upper School Mandarin II,,
Alexander,Perez,10,Fall,2023-04-25,Wellness 10,,
Emily,Thompson,10,Fall,2023-04-15,U.S. History: From Colonialism to Globalism,,
Emily,Thompson,10,Fall,2023-04-01,Studies in Genre,,
Emily,Thompson,10,Fall,2023-04-13,Algebra 2,,
Emily,Thompson,10,Fall,2023-04-03,Biology,,
Emily,Thompson,10,Fall,2023-04-10,Intermediate Ceramics,Introduction to Drawing and Painting,Introduction to Photography
Emily,Thompson,10,Fall,2023-04-08,Upper School Mandarin II,,
Emily,Thompson,10,Fall,2023-04-05,Wellness 10,,
William,White,10,Fall,2023-04-04,U.S. History: From Colonialism to Globalism,,
William,White,10,Fall,2023-04-06,Studies in Genre,,
William,White,10,Fall,2023-04-19,Algebra 2,,
William,White,10,Fall,2023-04-19,Biology,,
William,White,10,Fall,2023-04-27,Intermediate Photography,Introduction to Drawing and Painting,Introduction to Ceramics
William,White,10,Fall,2023-04-24,Upper School Spanish II,,
William,White,10,Fall,2023-04-11,Wellness 10,,
Elizabeth,Harris,10,Fall,2023-04-01,U.S. History: From Colonialism to Globalism,,
Elizabeth,Harris,10,Fall,2023-04-03,Studies in Genre,,
Elizabeth,Harris,10,Fall,2023-04-20,Algebra 2,,
Elizabeth,Harris,10,Fall,2023-04-19,Biology,,
Elizabeth,Harris,10,Fall,2023-04-11,Intermediate Photography,Introduction to Drawing and Painting,Introduction to Ceramics
Elizabeth,Harris,10,Fall,2023-04-12,Upper School Spanish II,,
Elizabeth,Harris,10,Fall,2023-04-25,Wellness 10,,
Daniel,Sanchez,10,Fall,2023-04-19,U.S. History: From Colonialism to Globalism,,
Daniel,Sanchez,10,Fall,2023-04-17,Studies in Genre,,
Daniel,Sanchez,10,Fall,2023-04-10,Advanced Algebra 2,,
Daniel,Sanchez,10,Fall,2023-04-21,Biology,,
Daniel,Sanchez,10,Fall,2023-04-22,Intermediate Photography,Introduction to Drawing and Painting,Introduction to Ceramics
Daniel,Sanchez,10,Fall,2023-04-28,Upper School Spanish II,,
Daniel,Sanchez,10,Fall,2023-04-25,Wellness 10,,
Sofia,Clark,10,Fall,2023-04-19,U.S. History: From Colonialism to Globalism,,
Sofia,Clark,10,Fall,2023-04-24,Studies in Genre,,
Sofia,Clark,10,Fall,2023-04-23,Advanced Algebra 2,,
Sofia,Clark,10,Fall,2023-04-12,Biology,,
Sofia,Clark,10,Fall,2023-04-22,Intermediate Photography,Introduction to Drawing and Painting,Introduction to Ceramics
Sofia,Clark,10,Fall,2023-04-25,Upper School Spanish II,,
Sofia,Clark,10,Fall,2023-04-07,Wellness 10,,
Matthew,Ramirez,10,Fall,2023-04-28,U.S. History: From Colonialism to Globalism,,
Matthew,Ramirez,10,Fall,2023-04-22,Studies in Genre,,
Matthew,Ramirez,10,Fall,2023-04-26,Advanced Algebra 2,,
Matthew,Ramirez,10,Fall,2023-04-20,Biology,,
Matthew,Ramirez,10,Fall,2023-04-05,Intermediate Video and Animation,Introduction to Drawing and Painting,Introduction to Ceramics
Matthew,Ramirez,10,Fall,2023-04-03,Upper School Spanish II,,
Matthew,Ramirez,10,Fall,2023-04-19,Wellness 10,,
Avery,Lewis,10,Fall,2023-04-10,U.S. History: From Colonialism to Globalism,,
Avery,Lewis,10,Fall,2023-04-24,Studies in Genre,,
Avery,Lewis,10,Fall,2023-04-17,Advanced Algebra 2,,
Avery,Lewis,10,Fall,2023-04-19,Biology,,
Avery,Lewis,10,Fall,2023-04-05,Intermediate Video and Animation,Introduction to Drawing and Painting,Introduction to Ceramics
Avery,Lewis,10,Fall,2023-04-23,Upper School Conversation Topics in Mandarin: Food & Health,,
Avery,Lewis,10,Fall,2023-04-21,Wellness 10,,
Aiden,Robinson,10,Fall,2023-04-03,U.S. History: From Colonialism to Globalism,,
Aiden,Robinson,10,Fall,2023-04-27,Studies in Genre,,
Aiden,Robinson,10,Fall,2023-04-14,Advanced Algebra 2,,
Aiden,Robinson,10,Fall,2023-04-05,Biology,,
Aiden,Robinson,10,Fall,2023-04-22,Intermediate Video and Animation,Introduction to Drawing and Painting,Introduction to Ceramics
Aiden,Robinson,10,Fall,2023-04-25,Upper School Conversation Topics in Mandarin: Food & Health,,
Aiden,Robinson,10,Fall,2023-04-14,Wellness 10,,
Ella,Walker,10,Fall,2023-04-10,U.S. History: From Colonialism to Globalism,,
Ella,Walker,10,Fall,2023-04-21,Studies in Genre,,
Ella,Walker,10,Fall,2023-04-22,Advanced Algebra 2,,
Ella,Walker,10,Fall,2023-04-27,Biology,,
Ella,Walker,10,Fall,2023-04-04,Intermediate Theatre Arts,Introduction to Drawing and Painting,Introduction to Ceramics
Ella,Walker,10,Fall,2023-04-10,Upper School Conversation Topics in French: Le genre et la sexualité dans le cinéma Francophone,,
Ella,Walker,10,Fall,2023-04-29,Wellness 10,,
Henry,Young,10,Fall,2023-04-10,U.S. History: From Colonialism to Globalism,,
Henry,Young,10,Fall,2023-04-05,Studies in Genre,,
Henry,Young,10,Fall,2023-04-23,Advanced Algebra 2,,
Henry,Young,10,Fall,2023-04-04,Biology,,
Henry,Young,10,Fall,2023-04-14,Intermediate Theatre Arts,Introduction to Drawing and Painting,Introduction to Ceramics
Henry,Young,10,Fall,2023-04-06,Upper School Conversation Topics in French: Le genre et la sexualité dans le cinéma Francophone,,
Henry,Young,10,Fall,2023-04-28,Wellness 10,,
Scarlett,Allen,10,Fall,2023-04-16,U.S. History: From Colonialism to Globalism,,
Scarlett,Allen,10,Fall,2023-04-22,Studies in Genre,,
Scarlett,Allen,10,Fall,2023-04-13,Advanced Algebra 2,,
Scarlett,Allen,10,Fall,2023-04-27,Biology,,
Scarlett,Allen,10,Fall,2023-04-23,Intermediate Theatre Arts,Introduction to Drawing and Painting,Introduction to Ceramics
Scarlett,Allen,10,Fall,2023-04-01,Upper School Conversation Topics in French: Le genre et la sexualité dans le cinéma Francophone,,
Scarlett,Allen,10,Fall,2023-04-11,Wellness 10,,
Joseph,King,10,Fall,2023-04-15,Modern Global History,,
Joseph,King,10,Fall,2023-04-21,Studies in Genre,,
Joseph,King,10,Fall,2023-04-28,*Advanced Pre-Calculus,,
Joseph,King,10,Fall,2023-04-06,Biology,,
Joseph,King,10,Fall,2023-04-10,Intermediate Theatre Arts,Introduction to Drawing and Painting,Introduction to Ceramics
Joseph,King,10,Fall,2023-04-28,Upper School Conversation Topics in Spanish: Youth Movements in Latin America and Spain,,
Joseph,King,10,Fall,2023-04-25,Wellness 10,,
Grace,Wright,11,Fall,2023-04-06,Modern Global History,,
Grace,Wright,11,Fall,2023-04-01,English 11: Aesthetic Inquiry,,
Grace,Wright,11,Fall,2023-04-22,Pre-Calculus,,
Grace,Wright,11,Fall,2023-04-24,Physics,,
Grace,Wright,11,Fall,2023-04-16,*Advanced Drawing and Painting,Introduction to Ceramics,Introduction to Video and Animation
Grace,Wright,11,Fall,2023-04-16,Upper School Conversation Topics in Spanish: Youth Movements in Latin America and Spain,,
Grace,Wright,11,Fall,2023-04-20,Wellness 11,,
Jackson,Scott,11,Fall,2023-04-10,Modern Global History,,
Jackson,Scott,11,Fall,2023-04-11,English 11: Aesthetic Inquiry,,
Jackson,Scott,11,Fall,2023-04-04,Pre-Calculus,,
Jackson,Scott,11,Fall,2023-04-05,Physics,,
Jackson,Scott,11,Fall,2023-04-24,*Advanced Drawing and Painting,Introduction to Ceramics,Introduction to Video and Animation
Jackson,Scott,11,Fall,2023-04-11,Upper School Conversation Topics in Spanish: Youth Movements in Latin America and Spain,,
Jackson,Scott,11,Fall,2023-04-23,Wellness 11,,
Chloe,Torres,11,Fall,2023-04-25,Modern Global History,,
Chloe,Torres,11,Fall,2023-04-28,English 11: Aesthetic Inquiry,,
Chloe,Torres,11,Fall,2023-04-16,Pre-Calculus,,
Chloe,Torres,11,Fall,2023-04-09,Physics,,
Chloe,Torres,11,Fall,2023-04-24,*Advanced Drawing and Painting,Introduction to Ceramics,Introduction to Video and Animation
Chloe,Torres,11,Fall,2023-04-06,Upper School Conversation Topics in Spanish: Youth Movements in Latin America and Spain,,
Chloe,Torres,11,Fall,2023-04-25,Wellness 11,,
Samuel,Nguyen,11,Fall,2023-04-03,Modern Global History,,
Samuel,Nguyen,11,Fall,2023-04-09,English 11: Aesthetic Inquiry,,
Samuel,Nguyen,11,Fall,2023-04-02,Pre-Calculus,,
Samuel,Nguyen,11,Fall,2023-04-20,Physics,,
Samuel,Nguyen,11,Fall,2023-04-08,*Advanced Drawing and Painting,Introduction to Ceramics,Introduction to Video and Animation
Samuel,Nguyen,11,Fall,2023-04-17,Upper School Conversation Topics in Spanish: Youth Movements in Latin America and Spain,,
Samuel,Nguyen,11,Fall,2023-04-06,Wellness 11,,
Victoria,Hill,11,Fall,2023-04-20,Modern Global History,,
Victoria,Hill,11,Fall,2023-04-08,English 11: Aesthetic Inquiry,,
Victoria,Hill,11,Fall,2023-04-06,Pre-Calculus,,
Victoria,Hill,11,Fall,2023-04-05,Physics,,
Victoria,Hill,11,Fall,2023-04-25,*Advanced Drawing and Painting,Introduction to Ceramics,Introduction to Video and Animation
Victoria,Hill,11,Fall,2023-04-10,Upper School *Advanced Conversation Topics in Mandarin: Food & Health,,
Victoria,Hill,11,Fall,2023-04-02,Wellness 11,,
Sebastian,Flores,11,Fall,2023-04-15,Modern Global History,,
Sebastian,Flores,11,Fall,2023-04-11,English 11: Aesthetic Inquiry,,
Sebastian,Flores,11,Fall,2023-04-15,Pre-Calculus,,
Sebastian,Flores,11,Fall,2023-04-29,Physics,,
Sebastian,Flores,11,Fall,2023-04-01,*Advanced Drawing and Painting,Introduction to Ceramics,Introduction to Video and Animation
Sebastian,Flores,11,Fall,2023-04-28,Upper School *Advanced Conversation Topics in Mandarin: Food & Health,,
Sebastian,Flores,11,Fall,2023-04-16,Wellness 11,,
Riley,Green,11,Fall,2023-04-17,Modern Global History,,
Riley,Green,11,Fall,2023-04-28,English 11: Aesthetic Inquiry,,
Riley,Green,11,Fall,2023-04-12,Pre-Calculus,,
Riley,Green,11,Fall,2023-04-10,Physics,,
Riley,Green,11,Fall,2023-04-06,*Advanced Drawing and Painting,Introduction to Ceramics,Introduction to Video and Animation
Riley,Green,11,Fall,2023-04-03,Upper School *Advanced Conversation Topics in Mandarin: Food & Health,,
Riley,Green,11,Fall,2023-04-22,Wellness 11,,
David,Adams,11,Fall,2023-04-29,Modern Global History,,
David,Adams,11,Fall,2023-04-08,English 11: Aesthetic Inquiry,,
David,Adams,11,Fall,2023-04-12,Pre-Calculus,,
David,Adams,11,Fall,2023-04-19,Physics,,
David,Adams,11,Fall,2023-04-07,*Advanced Ceramics,Introduction to Theatre Arts,Introduction to Photography
David,Adams,11,Fall,2023-04-03,Upper School *Advanced Conversation Topics in Mandarin: Food & Health,,
David,Adams,11,Fall,2023-04-25,Wellness 11,,
Aria,Nelson,11,Fall,2023-04-15,Modern Global History,,
Aria,Nelson,11,Fall,2023-04-06,English 11: Aesthetic Inquiry,,
Aria,Nelson,11,Fall,2023-04-04,Pre-Calculus,,
Aria,Nelson,11,Fall,2023-04-23,Physics,,
Aria,Nelson,11,Fall,2023-04-19,*Advanced Ceramics,Introduction to Theatre Arts,Introduction to Photography
Aria,Nelson,11,Fall,2023-04-21,Upper School *Advanced Topics in Spanish: Modern Latin America,,
Aria,Nelson,11,Fall,2023-04-07,Wellness 11,,
Carter,Baker,11,Fall,2023-04-29,Modern Global History,,
Carter,Baker,11,Fall,2023-04-07,English 11: Aesthetic Inquiry,,
Carter,Baker,11,Fall,2023-04-05,Pre-Calculus,,
Carter,Baker,11,Fall,2023-04-01,Physics,,
Carter,Baker,11,Fall,2023-04-26,*Advanced Ceramics,Introduction to Theatre Arts,Introduction to Photography
Carter,Baker,11,Fall,2023-04-26,Upper School Spanish II,,
Carter,Baker,11,Fall,2023-04-27,Wellness 11,,
Lily,Hall,11,Fall,2023-04-25,Modern Global History,,
Lily,Hall,11,Fall,2023-04-10,English 11: Aesthetic Inquiry,,
Lily,Hall,11,Fall,2023-04-19,Pre-Calculus,,
Lily,Hall,11,Fall,2023-04-23,Physics,,
Lily,Hall,11,Fall,2023-04-26,*Advanced Photography,Introduction to Theatre Arts,Introduction to Photography
Lily,Hall,11,Fall,2023-04-01,Upper School Spanish II,,
Lily,Hall,11,Fall,2023-04-28,Wellness 11,,
Owen,Rivera,11,Fall,2023-04-13,Modern Global History,,
Owen,Rivera,11,Fall,2023-04-29,English 11: Aesthetic Inquiry,,
Owen,Rivera,11,Fall,2023-04-09,Pre-Calculus,,
Owen,Rivera,11,Fall,2023-04-09,Physics,,
Owen,Rivera,11,Fall,2023-04-24,*Advanced Photography,Introduction to Theatre Arts,Introduction to Drawing and Painting
Owen,Rivera,11,Fall,2023-04-22,Upper School Conversation Topics in French: Le genre et la sexualité dans le cinéma Francophone,,
Owen,Rivera,11,Fall,2023-04-05,Wellness 11,,
Zoe,Campbell,11,Fall,2023-04-01,Modern Global History,,
Zoe,Campbell,11,Fall,2023-04-03,English 11: Aesthetic Inquiry,,
Zoe,Campbell,11,Fall,2023-04-27,Pre-Calculus,,
Zoe,Campbell,11,Fall,2023-04-12,*Advanced Molecular Biology,,
Zoe,Campbell,11,Fall,2023-04-08,*Advanced Photography,Introduction to Theatre Arts,Introduction to Drawing and Painting
Zoe,Campbell,11,Fall,2023-04-27,Upper School Spanish II,,
Zoe,Campbell,11,Fall,2023-04-07,Wellness 11,,
Wyatt,Mitchell,11,Fall,2023-04-09,Modern Global History,,
Wyatt,Mitchell,11,Fall,2023-04-06,English 11: Aesthetic Inquiry,,
Wyatt,Mitchell,11,Fall,2023-04-22,*Advanced Pre-Calculus,,
Wyatt,Mitchell,11,Fall,2023-04-17,*Advanced Molecular Biology,,
Wyatt,Mitchell,11,Fall,2023-04-28,*Advanced Photography,Introduction to Theatre Arts,Introduction to Drawing and Painting
Wyatt,Mitchell,11,Fall,2023-04-02,Upper School Conversation Topics in French: Le genre et la sexualité dans le cinéma Francophone,,
Wyatt,Mitchell,11,Fall,2023-04-12,Wellness 11,,
Lillian,Carter,11,Fall,2023-04-17,Modern Global History,,
Lillian,Carter,11,Fall,2023-04-24,English 11: Aesthetic Inquiry,,
Lillian,Carter,11,Fall,2023-04-24,*Advanced Pre-Calculus,,
Lillian,Carter,11,Fall,2023-04-12,*Advanced Molecular Biology,,
Lillian,Carter,11,Fall,2023-04-05,*Advanced Photography,Introduction to Theatre Arts,Introduction to Drawing and Painting
Lillian,Carter,11,Fall,2023-04-16,Upper School Conversation Topics in French: Le genre et la sexualité dans le cinéma Francophone,,
Lillian,Carter,11,Fall,2023-04-14,Wellness 11,,
John,Roberts,11,Fall,2023-04-25,Modern Global History,,
John,Roberts,11,Fall,2023-04-01,English 11: Aesthetic Inquiry,,
John,Roberts,11,Fall,2023-04-04,*Advanced Pre-Calculus,,
John,Roberts,11,Fall,2023-04-16,*Advanced Molecular Biology,,
John,Roberts,11,Fall,2023-04-12,*Advanced Photography,Introduction to Theatre Arts,Introduction to Drawing and Painting
John,Roberts,11,Fall,2023-04-21,Upper School *Advanced Topics in French: Le genre et la sexualité dans le cinéma Francophone,,
John,Roberts,11,Fall,2023-04-17,Wellness 11,,
Addison,Gomez,11,Fall,2023-04-15,Modern Global History,,
Addison,Gomez,11,Fall,2023-04-25,English 11: Aesthetic Inquiry,,
Addison,Gomez,11,Fall,2023-04-17,*Advanced Pre-Calculus,,
Addison,Gomez,11,Fall,2023-04-21,*Advanced Molecular Biology,,
Addison,Gomez,11,Fall,2023-04-10,*Advanced Photography,Introduction to Theatre Arts,Introduction to Drawing and Painting
Addison,Gomez,11,Fall,2023-04-24,Upper School *Advanced Topics in French: Le genre et la sexualité dans le cinéma Francophone,,
Addison,Gomez,11,Fall,2023-04-01,Wellness 11,,
Jack,Phillips,11,Fall,2023-04-10,Modern Global History,,
Jack,Phillips,11,Fall,2023-04-15,English 11: Aesthetic Inquiry,,
Jack,Phillips,11,Fall,2023-04-09,*Advanced Pre-Calculus,,
Jack,Phillips,11,Fall,2023-04-02,*Advanced Environmental Science,,
Jack,Phillips,11,Fall,2023-04-28,*Advanced Video and Animation,Introduction to Theatre Arts,Introduction to Drawing and Painting
Jack,Phillips,11,Fall,2023-04-11,Upper School *Advanced Topics in French: Le genre et la sexualité dans le cinéma Francophone,,
Jack,Phillips,11,Fall,2023-04-10,Wellness 11,,
Layla,Evans,11,Fall,2023-04-10,Modern Global History,,
Layla,Evans,11,Fall,2023-04-05,English 11: Aesthetic Inquiry,,
Layla,Evans,11,Fall,2023-04-20,*Advanced Pre-Calculus,,
Layla,Evans,11,Fall,2023-04-01,*Advanced Environmental Science,,
Layla,Evans,11,Fall,2023-04-26,*Advanced Video and Animation,Introduction to Theatre Arts,Introduction to Drawing and Painting
Layla,Evans,11,Fall,2023-04-21,Upper School *Advanced Topics in Mandarin: Fables and Mythology,,
Layla,Evans,11,Fall,2023-04-21,Wellness 11,,
Luke,Turner,11,Fall,2023-04-12,Modern Global History,,
Luke,Turner,11,Fall,2023-04-11,English 11: Aesthetic Inquiry,,
Luke,Turner,11,Fall,2023-04-05,*Advanced Pre-Calculus,,
Luke,Turner,11,Fall,2023-04-26,*Advanced Environmental Science,,
Luke,Turner,11,Fall,2023-04-22,*Advanced Video and Animation,Introduction to Theatre Arts,Introduction to Drawing and Painting
Luke,Turner,11,Fall,2023-04-21,Upper School *Advanced Topics in Mandarin: Fables and Mythology,,
Luke,Turner,11,Fall,2023-04-08,Wellness 11,,
Natalie,Diaz,11,Fall,2023-04-04,Modern Global History,,
Natalie,Diaz,11,Fall,2023-04-06,English 11: Aesthetic Inquiry,,
Natalie,Diaz,11,Fall,2023-04-09,*Advanced Pre-Calculus,,
Natalie,Diaz,11,Fall,2023-04-19,*Advanced Environmental Science,,
Natalie,Diaz,11,Fall,2023-04-13,*Advanced Video and Animation,Introduction to Theatre Arts,Introduction to Drawing and Painting
Natalie,Diaz,11,Fall,2023-04-02,Upper School *Advanced Topics in Mandarin: Fables and Mythology,,
Natalie,Diaz,11,Fall,2023-04-23,Wellness 11,,
Jayden,Parker,11,Fall,2023-04-02,Modern Global History,,
Jayden,Parker,11,Fall,2023-04-16,English 11: Aesthetic Inquiry,,
Jayden,Parker,11,Fall,2023-04-15,*Advanced Pre-Calculus,,
Jayden,Parker,11,Fall,2023-04-11,*Advanced Environmental Science,Introduction to Theatre Arts,Introduction to Drawing and Painting
Jayden,Parker,11,Fall,2023-04-06,*Advanced Video and Animation,,
Jayden,Parker,11,Fall,2023-04-13,Upper School *Advanced Topics in Mandarin: Fables and Mythology,,
Jayden,Parker,11,Fall,2023-04-01,Wellness 11,,
Lucy,Cruz,11,Fall,2023-04-06,Modern Global History,,
Lucy,Cruz,11,Fall,2023-04-17,English 11: Aesthetic Inquiry,,
Lucy,Cruz,11,Fall,2023-04-15,"*Advanced Integral Calculus, Series, and Analytic Geometry",,
Lucy,Cruz,11,Fall,2023-04-27,*Advanced Environmental Science,,
Lucy,Cruz,11,Fall,2023-04-07,*Advanced Theatre Arts,Introduction to Video and Animation,Introduction to Ceramics
Lucy,Cruz,11,Fall,2023-04-01,Upper School *Advanced Topics in Mandarin: Fables and Mythology,,
Lucy,Cruz,11,Fall,2023-04-14,Wellness 11,,
Dylan,Edwards,12,Fall,2023-04-16,Rhetoric,,
Dylan,Edwards,12,Fall,2023-04-18,Differential and Integral Calculus,,
Dylan,Edwards,12,Fall,2023-04-26,*Advanced Molecular Biology,,
Dylan,Edwards,12,Fall,2023-04-10,*Advanced Capstone Mentors,,
Dylan,Edwards,12,Fall,2023-04-25,Engineering Design,,
Dylan,Edwards,12,Fall,2023-04-26,Upper School *Advanced Topics in French: Le genre et la sexualité dans le cinéma Francophone,,
Dylan,Edwards,12,Fall,2023-04-13,Wellness 12,,
Anna,Collins,12,Fall,2023-04-23,Rhetoric,,
Anna,Collins,12,Fall,2023-04-14,Differential and Integral Calculus,,
Anna,Collins,12,Fall,2023-04-26,*Advanced Molecular Biology,,
Anna,Collins,12,Fall,2023-04-01,*Advanced Capstone Mentors,,
Anna,Collins,12,Fall,2023-04-11,Engineering Design,,
Anna,Collins,12,Fall,2023-04-05,Upper School *Advanced Topics in French: Le genre et la sexualité dans le cinéma Francophone,,
Anna,Collins,12,Fall,2023-04-25,Wellness 12,,
Grayson,Reyes,12,Fall,2023-04-22,Rhetoric,,
Grayson,Reyes,12,Fall,2023-04-25,Differential and Integral Calculus,,
Grayson,Reyes,12,Fall,2023-04-16,*Advanced Molecular Biology,,
Grayson,Reyes,12,Fall,2023-04-24,*Advanced Capstone Mentors,,
Grayson,Reyes,12,Fall,2023-04-23,Engineering Design,,
Grayson,Reyes,12,Fall,2023-04-25,Upper School *Advanced Topics in French: Le genre et la sexualité dans le cinéma Francophone,,
Grayson,Reyes,12,Fall,2023-04-24,Wellness 12,,
Bella,Stewart,12,Fall,2023-04-14,Rhetoric,,
Bella,Stewart,12,Fall,2023-04-11,Differential and Integral Calculus,,
Bella,Stewart,12,Fall,2023-04-25,*Advanced Molecular Biology,,
Bella,Stewart,12,Fall,2023-04-12,*Advanced Capstone Mentors,,
Bella,Stewart,12,Fall,2023-04-13,Designing The Story World,,
Bella,Stewart,12,Fall,2023-04-04,Upper School *Advanced Topics in French: Le genre et la sexualité dans le cinéma Francophone,,
Bella,Stewart,12,Fall,2023-04-28,Wellness 12,,
Levi,Morris,12,Fall,2023-04-03,Rhetoric,,
Levi,Morris,12,Fall,2023-04-04,Differential and Integral Calculus,,
Levi,Morris,12,Fall,2023-04-18,*Advanced Molecular Biology,,
Levi,Morris,12,Fall,2023-04-06,*Advanced Psychology Capstone,,
Levi,Morris,12,Fall,2023-04-07,Designing The Story World,,
Levi,Morris,12,Fall,2023-04-27,Upper School *Advanced Topics in French: Le genre et la sexualité dans le cinéma Francophone,,
Levi,Morris,12,Fall,2023-04-15,Wellness 12,,
Miles,Morales,12,Fall,2023-04-09,Rhetoric,,
Miles,Morales,12,Fall,2023-04-14,Differential and Integral Calculus,,
Miles,Morales,12,Fall,2023-04-26,*Advanced Molecular Biology,,
Miles,Morales,12,Fall,2023-04-05,*Advanced Psychology Capstone,,
Miles,Morales,12,Fall,2023-04-04,Designing The Story World,,
Miles,Morales,12,Fall,2023-04-07,Upper School *Advanced Topics in French: Le genre et la sexualité dans le cinéma Francophone,,
Miles,Morales,12,Fall,2023-04-14,Wellness 12,,
Isaac,Murphy,12,Fall,2023-04-05,Rhetoric,,
Isaac,Murphy,12,Fall,2023-04-10,Differential and Integral Calculus,,
Isaac,Murphy,12,Fall,2023-04-04,*Advanced Molecular Biology,,
Isaac,Murphy,12,Fall,2023-04-19,*Advanced Psychology Capstone,,
Isaac,Murphy,12,Fall,2023-04-20,*Advanced Computer Science,,
Isaac,Murphy,12,Fall,2023-04-24,Upper School *Advanced Topics in Mandarin: Fables and Mythology,,
Isaac,Murphy,12,Fall,2023-04-14,Wellness 12,,
Savannah,Cook,12,Fall,2023-04-26,Rhetoric,,
Savannah,Cook,12,Fall,2023-04-16,Differential and Integral Calculus,,
Savannah,Cook,12,Fall,2023-04-18,*Advanced Molecular Biology,,
Savannah,Cook,12,Fall,2023-04-09,*Advanced Psychology Capstone,,
Savannah,Cook,12,Fall,2023-04-28,*Advanced Computer Science,,
Savannah,Cook,12,Fall,2023-04-25,Upper School *Advanced Topics in Mandarin: Fables and Mythology,,
Savannah,Cook,12,Fall,2023-04-08,Wellness 12,,
Gabriel,Rogers,12,Fall,2023-04-26,Rhetoric,,
Gabriel,Rogers,12,Fall,2023-04-27,Differential and Integral Calculus,,
Gabriel,Rogers,12,Fall,2023-04-24,*Advanced Psychology Capstone,,
Gabriel,Rogers,12,Fall,2023-04-07,*Advanced Environmental Science,,
Gabriel,Rogers,12,Fall,2023-04-20,*Advanced Computer Science,,
Gabriel,Rogers,12,Fall,2023-04-06,Upper School *Advanced Topics in Mandarin: Fables and Mythology,,
Gabriel,Rogers,12,Fall,2023-04-04,Wellness 12,,
Brooklyn,Gutierrez,12,Fall,2023-04-21,Rhetoric,,
Brooklyn,Gutierrez,12,Fall,2023-04-11,Differential and Integral Calculus,,
Brooklyn,Gutierrez,12,Fall,2023-04-04,*Advanced Environmental Science,,
Brooklyn,Gutierrez,12,Fall,2023-04-16,*Advanced Psychology Capstone,,
Brooklyn,Gutierrez,12,Fall,2023-04-29,*Advanced Computer Science,,
Brooklyn,Gutierrez,12,Fall,2023-04-10,Upper School *Advanced Conversation Topics in Mandarin: Food & Health,,
Brooklyn,Gutierrez,12,Fall,2023-04-20,Wellness 12,,
Julian,Ortiz,12,Fall,2023-04-17,Rhetoric,,
Julian,Ortiz,12,Fall,2023-04-23,*Advanced Differential and Integral Calculus,,
Julian,Ortiz,12,Fall,2023-04-13,*Advanced Environmental Science,,
Julian,Ortiz,12,Fall,2023-04-19,*Advanced Astrophysics,,
Julian,Ortiz,12,Fall,2023-04-18,*Advanced Computer Science,,
Julian,Ortiz,12,Fall,2023-04-02,Upper School *Advanced Conversation Topics in Mandarin: Food & Health,,
Julian,Ortiz,12,Fall,2023-04-15,Wellness 12,,
Leah,Morgan,12,Fall,2023-04-06,Rhetoric,,
Leah,Morgan,12,Fall,2023-04-10,*Advanced Differential and Integral Calculus,,
Leah,Morgan,12,Fall,2023-04-24,*Advanced Environmental Science,,
Leah,Morgan,12,Fall,2023-04-06,*Advanced Research 2,,
Leah,Morgan,12,Fall,2023-04-06,*Advanced Creative Computing,,
Leah,Morgan,12,Fall,2023-04-13,Upper School *Advanced Conversation Topics in Mandarin: Food & Health,,
Leah,Morgan,12,Fall,2023-04-19,Wellness 12,,
Mateo,Cooper,12,Fall,2023-04-23,Rhetoric,,
Mateo,Cooper,12,Fall,2023-04-28,*Advanced Differential and Integral Calculus,,
Mateo,Cooper,12,Fall,2023-04-07,*Advanced Environmental Science,,
Mateo,Cooper,12,Fall,2023-04-02,*Advanced Astrophysics,,
Mateo,Cooper,12,Fall,2023-04-28,*Advanced Creative Computing,,
Mateo,Cooper,12,Fall,2023-04-11,Upper School *Advanced Conversation Topics in Mandarin: Food & Health,,
Mateo,Cooper,12,Fall,2023-04-16,Wellness 12,,
Hailey,Peterson,12,Fall,2023-04-02,Rhetoric,,
Hailey,Peterson,12,Fall,2023-04-11,*Advanced Differential and Integral Calculus,,
Hailey,Peterson,12,Fall,2023-04-14,*Advanced Environmental Science,,
Hailey,Peterson,12,Fall,2023-04-11,*Advanced Astrophysics,,
Hailey,Peterson,12,Fall,2023-04-07,*Advanced Creative Computing,,
Hailey,Peterson,12,Fall,2023-04-17,*Advanced Engineering Design,,
Hailey,Peterson,12,Fall,2023-04-20,Wellness 12,,
Anthony,Bailey,12,Fall,2023-04-23,Rhetoric,,
Anthony,Bailey,12,Fall,2023-04-16,*Advanced Differential and Integral Calculus,,
Anthony,Bailey,12,Fall,2023-04-24,*Advanced Environmental Science,,
Anthony,Bailey,12,Fall,2023-04-08,*Advanced Ceramics,,
Anthony,Bailey,12,Fall,2023-04-10,*Advanced Creative Computing,,
Anthony,Bailey,12,Fall,2023-04-16,Upper School *Advanced Topics in Spanish: Modern Latin America,,
Anthony,Bailey,12,Fall,2023-04-29,Wellness 12,,
Zoe,Reed,12,Fall,2023-04-22,Rhetoric,,
Zoe,Reed,12,Fall,2023-04-09,*Advanced Differential and Integral Calculus,,
Zoe,Reed,12,Fall,2023-04-18,*Advanced Environmental Science,,
Zoe,Reed,12,Fall,2023-04-21,*Advanced Research 2,,
Zoe,Reed,12,Fall,2023-04-01,*Advanced Creative Computing,,
Zoe,Reed,12,Fall,2023-04-17,Upper School *Advanced Topics in Spanish: Modern Latin America,,
Zoe,Reed,12,Fall,2023-04-01,Wellness 12,,
Lincoln,Kelly,12,Fall,2023-04-08,Rhetoric,,
Lincoln,Kelly,12,Fall,2023-04-11,"*Advanced Integral Calculus, Series, and Analytic Geometry",,
Lincoln,Kelly,12,Fall,2023-04-11,*Advanced Environmental Science,,
Lincoln,Kelly,12,Fall,2023-04-27,*Advanced Ceramics,,
Lincoln,Kelly,12,Fall,2023-04-12,Nutrition and Performance,,
Lincoln,Kelly,12,Fall,2023-04-28,Upper School *Advanced Topics in Spanish: Modern Latin America,,
Lincoln,Kelly,12,Fall,2023-04-25,Wellness 12,,
Stella,Howard,12,Fall,2023-04-25,Rhetoric,,
Stella,Howard,12,Fall,2023-04-22,"*Advanced Integral Calculus, Series, and Analytic Geometry",,
Stella,Howard,12,Fall,2023-04-10,*Advanced Plant-Microbe Interactions,,
Stella,Howard,12,Fall,2023-04-25,*Advanced Ceramics,,
Stella,Howard,12,Fall,2023-04-18,Nutrition and Performance,,
Stella,Howard,12,Fall,2023-04-23,Upper School *Advanced Topics in Spanish: Modern Latin America,,
Stella,Howard,12,Fall,2023-04-13,Wellness 12,,
Joshua,Ramos,12,Fall,2023-04-29,Rhetoric,,
Joshua,Ramos,12,Fall,2023-04-23,"*Advanced Integral Calculus, Series, and Analytic Geometry",,
Joshua,Ramos,12,Fall,2023-04-09,*Advanced Plant-Microbe Interactions,,
Joshua,Ramos,12,Fall,2023-04-14,*Advanced Ceramics,,
Joshua,Ramos,12,Fall,2023-04-04,Nutrition and Performance,,
Joshua,Ramos,12,Fall,2023-04-15,Upper School *Advanced Topics in Spanish: Modern Latin America,,
Joshua,Ramos,12,Fall,2023-04-16,Wellness 12,,
Hazel,Kim,12,Fall,2023-04-21,Rhetoric,,
Hazel,Kim,12,Fall,2023-04-07,"*Advanced Integral Calculus, Series, and Analytic Geometry",,
Hazel,Kim,12,Fall,2023-04-05,*Advanced Plant-Microbe Interactions,,
Hazel,Kim,12,Fall,2023-04-29,*Advanced Photography,,
Hazel,Kim,12,Fall,2023-04-16,Nutrition and Performance,,
Hazel,Kim,12,Fall,2023-04-16,*Advanced Theatre Arts,,
Hazel,Kim,12,Fall,2023-04-24,Wellness 12,,
Christopher,Cox,12,Fall,2023-04-08,Rhetoric,,
Christopher,Cox,12,Fall,2023-04-07,"*Advanced Integral Calculus, Series, and Analytic Geometry",,
Christopher,Cox,12,Fall,2023-04-27,*Advanced Plant-Microbe Interactions,,
Christopher,Cox,12,Fall,2023-04-21,*Advanced Research 2,,
Christopher,Cox,12,Fall,2023-04-08,Nutrition and Performance,,
Christopher,Cox,12,Fall,2023-04-08,*Advanced Theatre Arts,,
Christopher,Cox,12,Fall,2023-04-08,Wellness 12,,
Ellie,Ward,12,Fall,2023-04-08,Rhetoric,,
Ellie,Ward,12,Fall,2023-04-29,"*Advanced Integral Calculus, Series, and Analytic Geometry",,
Ellie,Ward,12,Fall,2023-04-05,*Advanced Plant-Microbe Interactions,,
Ellie,Ward,12,Fall,2023-04-26,*Advanced Research 2,,
Ellie,Ward,12,Fall,2023-04-05,Nutrition and Performance,,
Ellie,Ward,12,Fall,2023-04-21,*Advanced Theatre Arts,,
Ellie,Ward,12,Fall,2023-04-19,Wellness 12,,